2013
January: 22.93 km/h, 24.36 degrees C, 246.84 kWh/m^2
February: 21.26 km/h, 25.45 degrees C, 213.64 kWh/m^2
March: 19.35 km/h, 21.24 degrees C, 185.29 kWh/m^2
April: 12.16 km/h, 21.20 degrees C, 118.69 kWh/m^2
May: 15.09 km/h, 15.49 degrees C, 103.45 kWh/m^2
June: 13.50 km/h, 13.62 degrees C, 87.77 kWh/m^2
July: 15.20 km/h, 12.38 degrees C, 87.31 kWh/m^2
August: 17.55 km/h, 15.15 degrees C, 109.31 kWh/m^2
September: 22.49 km/h, 15.27 degrees C, 130.42 kWh/m^2
October: 17.20 km/h, 17.23 degrees C, 201.42 kWh/m^2
November: 23.38 km/h, 21.61 degrees C, 233.12 kWh/m^2
December: 19.44 km/h, 22.56 degrees C, 270.52 kWh/m^2
